{
  "BLEU": 26.400890978334758,
  "ROUGE-L_F1": 0.7574532689532689,
  "BERTScore_F1_mean": 0.9448146820068359
}